image_id,filename,issue_type,source_name,source_url,download_url,source_version,author,license,license_url,retrieved_at,label_basis,review_status,sha256,notes,source_title,location,capture_date,lighting,weather,scene_id
commons-04258228ae,images/commons-04258228ae.jpg,damaged_sign,Wikimedia Commons curated subset,https://commons.wikimedia.org/wiki/File:Damaged_road_sign_along_Seein_Road_-_geograph.org.uk_-_4325202.jpg,https://upload.wikimedia.org/wikipedia/commons/d/d4/Damaged_road_sign_along_Seein_Road_-_geograph.org.uk_-_4325202.jpg?utm_source=commons.wikimedia.org&utm_campaign=imageinfo&utm_content=original,Commons page revision 945805704; file upload 2023-01-24T15:59:36Z,Kenneth  Allen,CC BY-SA 2.0,https://creativecommons.org/licenses/by-sa/2.0,2026-10-05T00:49:03.198017+00:00,Source caption: Damaged road sign along Seein Road | Agent visual review: Road-name panel and its frame are detached and tilted against a fence.,agent_reviewed,6e993aeb19313244070ac572c3988c13b93b7e2da8452f8cf45429d5a0696f54,Commons thumbnail where available; EXIF orientation applied; RGB; aspect-preserving maximum 1280 px; JPEG quality 90; all EXIF/GPS/IPTC removed; no crop. No additional label caveat.,Damaged road sign along Seein Road - geograph.org.uk - 4325202.jpg,"Seein Road, United Kingdom",2015-01-27,daylight,,commons-04258228ae
commons-0a68e3b438,images/commons-0a68e3b438.jpg,pothole,Wikimedia Commons curated subset,https://commons.wikimedia.org/wiki/File:A_photo_of_a_pothole_2021-07-11.jpg,https://thumb.wikimedia.org/wikipedia/commons/thumb/8/82/A_photo_of_a_pothole_2021-07-11.jpg/1280px-A_photo_of_a_pothole_2021-07-11.jpg?utm_source=commons.wikimedia.org&utm_campaign=imageinfo&utm_content=thumbnail,Commons page revision 1003535190; file upload 2022-10-06T06:09:18Z,Thomas Booker (CoderThomasB),CC BY-SA 4.0,https://creativecommons.org/licenses/by-sa/4.0,2026-10-05T00:42:15.887918+00:00,Source caption: A photo of a pothole. | Agent visual review: Visible dark road-surface cavity beside an intact drain cover.,agent_reviewed,7e3412a29abf122b0d8a3558cf34e8295ddd73d4b1fc2ba247c9edac6f0234bb,Commons thumbnail where available; EXIF orientation applied; RGB; aspect-preserving maximum 1280 px; JPEG quality 90; all EXIF/GPS/IPTC removed; no crop. No additional label caveat.,A photo of a pothole 2021-07-11.jpg,,,low_light,,commons-0a68e3b438
commons-0f02ab33ca,images/commons-0f02ab33ca.jpg,illegal_dumping,Wikimedia Commons curated subset,"https://commons.wikimedia.org/wiki/File:Fly-tipping,_Johnstone_-_geograph.org.uk_-_1597453.jpg",https://upload.wikimedia.org/wikipedia/commons/thumb/2/2d/Fly-tipping%2C_Johnstone_-_geograph.org.uk_-_1597453.jpg/330px-Fly-tipping%2C_Johnstone_-_geograph.org.uk_-_1597453.jpg,Commons page revision 1255492093; file upload 2011-03-04T03:04:54Z,wfmillar,CC BY-SA 2.0,https://creativecommons.org/licenses/by-sa/2.0,2026-10-05T00:56:20.665083+00:00,"Source caption: Fly-tipping, Johnstone Thrown over the hedge beside Auchenlodment Road. On the outskirts of Johnstone. | Agent visual review: Discarded bulky items lie beyond a rural hedge; source says waste was thrown over it beside Auchenlodment Road.",agent_reviewed,5da0ae0b303a49530b31fed46553e2bd37b4249f6584d4f25d1acd0e1c630e1c,Commons cached thumbnail (330 px for small originals) where available; EXIF orientation applied; RGB; aspect-preserving maximum 1280 px; JPEG quality 90; all EXIF/GPS/IPTC removed; no crop. No additional label caveat.,"Fly-tipping, Johnstone - geograph.org.uk - 1597453.jpg","Johnstone, United Kingdom",2009-11-27,daylight,,commons-0f02ab33ca
commons-1b000da556,images/commons-1b000da556.jpg,leaking_hydrant,Wikimedia Commons curated subset,https://commons.wikimedia.org/wiki/File:Leaking_Fire_Hydrant_-_geograph.org.uk_-_1219371.jpg,https://upload.wikimedia.org/wikipedia/commons/thumb/8/86/Leaking_Fire_Hydrant_-_geograph.org.uk_-_1219371.jpg/330px-Leaking_Fire_Hydrant_-_geograph.org.uk_-_1219371.jpg,Commons page revision 975319840; file upload 2011-02-26T06:57:05Z,PAUL FARMER,CC BY-SA 2.0,https://creativecommons.org/licenses/by-sa/2.0,2026-10-05T00:55:28.282488+00:00,Source caption: Leaking Fire Hydrant. In Balniel Gate | Agent visual review: Unintended-looking water plume rises from a pavement utility opening; source explicitly identifies a leaking fire hydrant.,agent_reviewed,8f5d90ffbb70e2ec3f80d4db6ae19586b102812e7d9cddd3921c8cf9116812c0,Commons cached thumbnail (330 px for small originals) where available; EXIF orientation applied; RGB; aspect-preserving maximum 1280 px; JPEG quality 90; all EXIF/GPS/IPTC removed; no crop. Hydrant body is not visible; issue identity is source-caption-supported. Leak cause is not independently verified.,Leaking Fire Hydrant - geograph.org.uk - 1219371.jpg,"Balniel Gate, United Kingdom",2009-03-24,daylight,,commons-1b000da556
commons-1be7ba9610,images/commons-1be7ba9610.jpg,damaged_sign,Wikimedia Commons curated subset,"https://commons.wikimedia.org/wiki/File:A_damaged_road_sign_at_Tamlaght,_Newtownsaville_-_geograph.org.uk_-_4456079.jpg",https://upload.wikimedia.org/wikipedia/commons/d/db/A_damaged_road_sign_at_Tamlaght%2C_Newtownsaville_-_geograph.org.uk_-_4456079.jpg?utm_source=commons.wikimedia.org&utm_campaign=imageinfo&utm_content=original,Commons page revision 945626135; file upload 2023-02-24T19:33:52Z,Kenneth  Allen,CC BY-SA 2.0,https://creativecommons.org/licenses/by-sa/2.0,2026-10-05T00:48:33.083640+00:00,"Source caption: A damaged road sign at Tamlaght, Newtownsaville | Agent visual review: Road-name panel is mostly missing/illegible, with damage to its support.",agent_reviewed,f48711a0ed3b2e38475185ac9914e6efe8b1bfba47a25c065090ac2745b29a0c,Commons thumbnail where available; EXIF orientation applied; RGB; aspect-preserving maximum 1280 px; JPEG quality 90; all EXIF/GPS/IPTC removed; no crop. No additional label caveat.,"A damaged road sign at Tamlaght, Newtownsaville - geograph.org.uk - 4456079.jpg","Tamlaght, Newtownsaville, United Kingdom",2015-05-01,daylight,,commons-1be7ba9610
commons-1ce17d43d9,images/commons-1ce17d43d9.jpg,illegal_dumping,Wikimedia Commons curated subset,https://commons.wikimedia.org/wiki/File:Illegal_dumping_on_public_lands_in_the_Medford_District.jpg,https://upload.wikimedia.org/wikipedia/commons/thumb/f/f3/Illegal_dumping_on_public_lands_in_the_Medford_District.jpg/330px-Illegal_dumping_on_public_lands_in_the_Medford_District.jpg,Commons page revision 917514018; file upload 2020-10-19T02:42:26Z,BLM Oregon & Washington,CC BY 2.0,https://creativecommons.org/licenses/by/2.0,2026-10-05T00:55:47.076254+00:00,"Source caption: Illegal dumping on public lands damages the health of the land, harms wildlife habitat, and requires expensive clean-up. Illegal dumping has been occurring on the BLM public lands for many years. State and Field Offices continue to encounter many illegal dumps within their jurisdictions. Such dump sites often encourage or engender additional illegal dumping in the same area, in what has come to be called “promiscuous dumps”. Illegal dumping involves mainly the dumping of solid waste such as whit | Agent visual review: Discarded broken electronic/appliance housings are dumped on public-land soil; BLM source explicitly describes illegal dumping.",agent_reviewed,f5968eb07a2524179dfc25f503d567e25a069b051e5165dddc80dbd99ec2cd18,Commons cached thumbnail (330 px for small originals) where available; EXIF orientation applied; RGB; aspect-preserving maximum 1280 px; JPEG quality 90; all EXIF/GPS/IPTC removed; no crop. No additional label caveat.,Illegal dumping on public lands in the Medford District.jpg,"Medford District, Oregon, United States",2015-06-26 04:05:32,daylight,,commons-1ce17d43d9
commons-2409b4bbcb,images/commons-2409b4bbcb.jpg,broken_streetlight,Wikimedia Commons curated subset,"https://commons.wikimedia.org/wiki/File:Lu%C5%BEiny,_Archeologick%C3%A1,_po%C5%A1kozen%C3%A1_lampa.jpg",https://thumb.wikimedia.org/wikipedia/commons/thumb/7/7b/Lu%C5%BEiny%2C_Archeologick%C3%A1%2C_po%C5%A1kozen%C3%A1_lampa.jpg/1280px-Lu%C5%BEiny%2C_Archeologick%C3%A1%2C_po%C5%A1kozen%C3%A1_lampa.jpg?utm_source=commons.wikimedia.org&utm_campaign=imageinfo&utm_content=thumbnail,Commons page revision 1176168556; file upload 2016-01-23T18:22:22Z,ŠJů,CC BY 4.0,https://creativecommons.org/licenses/by/4.0,2026-10-05T00:51:30.480691+00:00,"Source caption: Prague - Stodůlky , Czech Republic . Archeologická street, a damaged street lamp near the Lužiny metro station. | Agent visual review: Globe is displaced to one side of the mounting, exposing the socket hardware.",agent_reviewed,2c98dbed7216d45b29f9c726d0c1ed4a7bff9e26e5d1c09ed0fdb259c0e98468,Commons thumbnail where available; EXIF orientation applied; RGB; aspect-preserving maximum 1280 px; JPEG quality 90; all EXIF/GPS/IPTC removed; no crop. No additional label caveat.,"Lužiny, Archeologická, poškozená lampa.jpg","Luziny, Prague, Czechia",Taken on 18 January 2016,daylight,,commons-2409b4bbcb
commons-289e64dab5,images/commons-289e64dab5.jpg,damaged_sign,Wikimedia Commons curated subset,"https://commons.wikimedia.org/wiki/File:Damaged_road_sign,_Backfarm_-_geograph.org.uk_-_5310260.jpg",https://upload.wikimedia.org/wikipedia/commons/thumb/e/e9/Damaged_road_sign%2C_Backfarm_-_geograph.org.uk_-_5310260.jpg/330px-Damaged_road_sign%2C_Backfarm_-_geograph.org.uk_-_5310260.jpg,Commons page revision 957228566; file upload 2023-08-23T10:13:01Z,Kenneth  Allen,CC BY-SA 2.0,https://creativecommons.org/licenses/by-sa/2.0,2026-10-05T00:54:36.760108+00:00,"Source caption: Damaged road sign, Backfarm | Agent visual review: Detached road-name panel lies below its remaining post, with broken framing.",agent_reviewed,619cc7138dc1598b9df84ba94f27f95ae2b7bcc4eb17802a6f5028c9404178c3,Commons cached thumbnail (330 px for small originals) where available; EXIF orientation applied; RGB; aspect-preserving maximum 1280 px; JPEG quality 90; all EXIF/GPS/IPTC removed; no crop. No additional label caveat.,"Damaged road sign, Backfarm - geograph.org.uk - 5310260.jpg","Backfarm, United Kingdom",2017-03-13,daylight,,commons-289e64dab5
commons-359e62bbe5,images/commons-359e62bbe5.jpg,illegal_dumping,Wikimedia Commons curated subset,https://commons.wikimedia.org/wiki/File:Suburban_fly_tipping_site_-_geograph.org.uk_-_4363398.jpg,https://upload.wikimedia.org/wikipedia/commons/thumb/0/0b/Suburban_fly_tipping_site_-_geograph.org.uk_-_4363398.jpg/330px-Suburban_fly_tipping_site_-_geograph.org.uk_-_4363398.jpg,Commons page revision 979515362; file upload 2023-02-02T02:42:22Z,Thomas Nugent,CC BY-SA 2.0,https://creativecommons.org/licenses/by-sa/2.0,2026-10-05T00:56:15.053420+00:00,Source caption: Suburban fly tipping site | Agent visual review: Discarded mattress and bulky objects sit beside a road rather than a collection container; source identifies a fly-tipping site.,agent_reviewed,c998220306c469a5c48cc87e0f26984ddd45919b53b815ff8f939cdc320fd675,"Commons cached thumbnail (330 px for small originals) where available; EXIF orientation applied; RGB; aspect-preserving maximum 1280 px; JPEG quality 90; all EXIF/GPS/IPTC removed; no crop. Unauthorized status relies on source title/context, not legal inference from appearance.",Suburban fly tipping site - geograph.org.uk - 4363398.jpg,,2015-01-27,daylight,,commons-359e62bbe5
commons-3e69e554ed,images/commons-3e69e554ed.jpg,pothole,Wikimedia Commons curated subset,"https://commons.wikimedia.org/wiki/File:Banbury%27s_Bretch_Hill_Pothole,_2010.png",https://upload.wikimedia.org/wikipedia/commons/b/b1/Banbury%27s_Bretch_Hill_Pothole%2C_2010.png?utm_source=commons.wikimedia.org&utm_campaign=imageinfo&utm_content=original,Commons page revision 816245806; file upload 2011-01-22T18:23:16Z,Snow storm in Eastern Asia at en.wikipedia,Public domain,https://commons.wikimedia.org/w/index.php?oldid=816245806,2026-10-05T00:42:07.661128+00:00,"Source caption: The Banbury Cake and The Banbury Review newspapers did an exposé on the weather induced potholes during the second week of January 2010. They were filled in by May 2010, due to media pressure. | Agent visual review: Two visible surface cavities with exposed material on asphalt.",agent_reviewed,5da1542b8fb71355eff984159f204950f222860ec5d85b3fbd60c2685ab38d31,Commons thumbnail where available; EXIF orientation applied; RGB; aspect-preserving maximum 1280 px; JPEG quality 90; all EXIF/GPS/IPTC removed; no crop. No additional label caveat.,"Banbury's Bretch Hill Pothole, 2010.png","Banbury, United Kingdom",,daylight,,commons-3e69e554ed
commons-47aa637b4d,images/commons-47aa637b4d.jpg,damaged_sign,Wikimedia Commons curated subset,https://commons.wikimedia.org/wiki/File:Broken_Give_Way_sign_on_a_corner_near_Shifnal_-_geograph.org.uk_-_4760128.jpg,https://upload.wikimedia.org/wikipedia/commons/f/fb/Broken_Give_Way_sign_on_a_corner_near_Shifnal_-_geograph.org.uk_-_4760128.jpg?utm_source=commons.wikimedia.org&utm_campaign=imageinfo&utm_content=original,Commons page revision 1217369040; file upload 2023-05-14T07:12:31Z,Jaggery,CC BY-SA 2.0,https://creativecommons.org/licenses/by-sa/2.0,2026-10-05T00:48:35.626585+00:00,"Source caption: Broken Give Way sign on a corner near Shifnal | Agent visual review: Give Way signpost is broken short near the verge, leaving the sign unusually close to the ground; source identifies a broken Give Way sign.",agent_reviewed,1c5b8836e8b29a6f4f02177fd639ac099dd2daa9386866058576a07f2e80ebea,Commons thumbnail where available; EXIF orientation applied; RGB; aspect-preserving maximum 1280 px; JPEG quality 90; all EXIF/GPS/IPTC removed; no crop. No additional label caveat.,Broken Give Way sign on a corner near Shifnal - geograph.org.uk - 4760128.jpg,"Shifnal, United Kingdom",2015-11-16,daylight,,commons-47aa637b4d
commons-4be599b76a,images/commons-4be599b76a.jpg,broken_streetlight,Wikimedia Commons curated subset,https://commons.wikimedia.org/wiki/File:Broken_lantern_-_panoramio.jpg,https://upload.wikimedia.org/wikipedia/commons/e/ea/Broken_lantern_-_panoramio.jpg?utm_source=commons.wikimedia.org&utm_campaign=imageinfo&utm_content=original,Commons page revision 834837947; file upload 2016-05-24T02:02:06Z,Laima Gūtmane (simka…,CC BY-SA 3.0,https://creativecommons.org/licenses/by-sa/3.0,2026-10-05T00:48:01.283970+00:00,Source caption: Broken lantern | Agent visual review: Wall-mounted street lantern has visibly broken/missing glazing and damaged enclosure.,agent_reviewed,df7287c7a70f5c44aeebbf18ffebc6a78fd37a4222a935f18726c52b85a9a550,Commons thumbnail where available; EXIF orientation applied; RGB; aspect-preserving maximum 1280 px; JPEG quality 90; all EXIF/GPS/IPTC removed; no crop. Wall-mounted lantern rather than pole-mounted municipal lamp; jurisdiction is unverified.,Broken lantern - panoramio.jpg,,Taken on 3 July 2008,daylight,,commons-4be599b76a
commons-4c4c4bc5e0,images/commons-4c4c4bc5e0.jpg,damaged_sign,Wikimedia Commons curated subset,https://commons.wikimedia.org/wiki/File:Broken_road_sign_-_geograph.org.uk_-_975071.jpg,https://upload.wikimedia.org/wikipedia/commons/d/d3/Broken_road_sign_-_geograph.org.uk_-_975071.jpg?utm_source=commons.wikimedia.org&utm_campaign=imageinfo&utm_content=original,Commons page revision 952364723; file upload 2011-02-22T19:47:49Z,Keith Evans,CC BY-SA 2.0,https://creativecommons.org/licenses/by-sa/2.0,2026-10-05T00:48:41.496239+00:00,Source caption: Broken road sign Broken speed limit sign Flowton Suffolk. | Agent visual review: Circular road sign has a fractured edge and missing portion.,agent_reviewed,f6cabae0d6e8a7cbd5b38a657ea6c37b1f7efe5c849d9c6926e66c8f3757335f,Commons thumbnail where available; EXIF orientation applied; RGB; aspect-preserving maximum 1280 px; JPEG quality 90; all EXIF/GPS/IPTC removed; no crop. No additional label caveat.,Broken road sign - geograph.org.uk - 975071.jpg,United Kingdom,2008-09-21,daylight,,commons-4c4c4bc5e0
commons-5000667ac9,images/commons-5000667ac9.jpg,damaged_sign,Wikimedia Commons curated subset,https://commons.wikimedia.org/wiki/File:Damaged_road_sign_along_Glenhordial_Road_-_geograph.org.uk_-_4298106.jpg,https://upload.wikimedia.org/wikipedia/commons/a/aa/Damaged_road_sign_along_Glenhordial_Road_-_geograph.org.uk_-_4298106.jpg?utm_source=commons.wikimedia.org&utm_campaign=imageinfo&utm_content=original,Commons page revision 937768384; file upload 2023-01-19T15:06:46Z,Kenneth  Allen,CC BY-SA 2.0,https://creativecommons.org/licenses/by-sa/2.0,2026-10-05T00:48:52.948066+00:00,Source caption: Damaged road sign along Glenhordial Road | Agent visual review: Road-name panel has a large broken-out section through its lettering.,agent_reviewed,f4add92b12b8d66c0480d7f7235bb8d5e91fad1883015a67ba0186316698107e,Commons thumbnail where available; EXIF orientation applied; RGB; aspect-preserving maximum 1280 px; JPEG quality 90; all EXIF/GPS/IPTC removed; no crop. No additional label caveat.,Damaged road sign along Glenhordial Road - geograph.org.uk - 4298106.jpg,"Glenhordial Road, United Kingdom",2015-01-02,daylight,,commons-5000667ac9
commons-53a0d4c79e,images/commons-53a0d4c79e.jpg,pothole,Wikimedia Commons curated subset,https://commons.wikimedia.org/wiki/File:Pothole_in_an_asphalt_pavement.jpg,https://thumb.wikimedia.org/wikipedia/commons/thumb/b/b3/Pothole_in_an_asphalt_pavement.jpg/1280px-Pothole_in_an_asphalt_pavement.jpg?utm_source=commons.wikimedia.org&utm_campaign=imageinfo&utm_content=thumbnail,Commons page revision 1123611728; file upload 2021-07-21T03:32:44Z,Frankie Fouganthin,CC BY-SA 4.0,https://creativecommons.org/licenses/by-sa/4.0,2026-10-05T00:51:23.828405+00:00,Source caption: Pothole in an asphalt pavement in Stockholm 2021. | Agent visual review: Distinct missing asphalt and exposed aggregate in road pavement.,agent_reviewed,0cbcfb36e117c314773aca503db12cbdbae2b47be6ae04b027bfc8b54570df78,Commons thumbnail where available; EXIF orientation applied; RGB; aspect-preserving maximum 1280 px; JPEG quality 90; all EXIF/GPS/IPTC removed; no crop. No additional label caveat.,Pothole in an asphalt pavement.jpg,,2021-07-18 21:54:47,daylight,,commons-53a0d4c79e
commons-7b78ffad33,images/commons-7b78ffad33.jpg,illegal_dumping,Wikimedia Commons curated subset,"https://commons.wikimedia.org/wiki/File:Fly_tipping,_Straiton_-_geograph.org.uk_-_6379984.jpg",https://thumb.wikimedia.org/wikipedia/commons/thumb/2/24/Fly_tipping%2C_Straiton_-_geograph.org.uk_-_6379984.jpg/1280px-Fly_tipping%2C_Straiton_-_geograph.org.uk_-_6379984.jpg,Commons page revision 1243874177; file upload 2024-05-28T02:21:31Z,Jim Barton,CC BY-SA 2.0,https://creativecommons.org/licenses/by-sa/2.0,2026-10-05T00:55:49.639990+00:00,"Source caption: Fly tipping, Straiton | Agent visual review: Large piles of branches and waste occupy an abandoned paved area; source identifies fly tipping.",agent_reviewed,f76ab98c1bd4b5c3969fd5da2616316877799ecc633f874db5b2466ce8b7e3b7,Commons cached thumbnail (330 px for small originals) where available; EXIF orientation applied; RGB; aspect-preserving maximum 1280 px; JPEG quality 90; all EXIF/GPS/IPTC removed; no crop. No additional label caveat.,"Fly tipping, Straiton - geograph.org.uk - 6379984.jpg","Straiton, United Kingdom",2020-01-30,daylight,,commons-7b78ffad33
commons-81da3dfe1b,images/commons-81da3dfe1b.jpg,broken_streetlight,Wikimedia Commons curated subset,"https://commons.wikimedia.org/wiki/File:Chalupkova,_rozbit%C3%A1_lampa_425096.jpg",https://thumb.wikimedia.org/wikipedia/commons/thumb/1/12/Chalupkova%2C_rozbit%C3%A1_lampa_425096.jpg/1280px-Chalupkova%2C_rozbit%C3%A1_lampa_425096.jpg?utm_source=commons.wikimedia.org&utm_campaign=imageinfo&utm_content=thumbnail,Commons page revision 1018157833; file upload 2017-01-21T21:19:21Z,ŠJů,CC BY 4.0,https://creativecommons.org/licenses/by/4.0,2026-10-05T00:51:27.684853+00:00,"Source caption: Prague - Chodov , Czechia . A damaged streetlamp. | Agent visual review: Lamp lens/enclosure is fractured and open, with inner hardware exposed.",agent_reviewed,f0fc435a2c661b5c271baceb77ef0473177161861dcce7fb378a7f9d57f5b4c3,Commons thumbnail where available; EXIF orientation applied; RGB; aspect-preserving maximum 1280 px; JPEG quality 90; all EXIF/GPS/IPTC removed; no crop. No additional label caveat.,"Chalupkova, rozbitá lampa 425096.jpg","Chalupkova, Czechia",Taken on 10 November 2016,daylight,,commons-81da3dfe1b
commons-84bcb35daa,images/commons-84bcb35daa.jpg,broken_streetlight,Wikimedia Commons curated subset,https://commons.wikimedia.org/wiki/File:Decapitated_lamppost_in_Central_Park_01.jpg,https://thumb.wikimedia.org/wikipedia/commons/thumb/f/fe/Decapitated_lamppost_in_Central_Park_01.jpg/1280px-Decapitated_lamppost_in_Central_Park_01.jpg?utm_source=commons.wikimedia.org&utm_campaign=imageinfo&utm_content=thumbnail,Commons page revision 1188764542; file upload 2025-09-02T18:23:14Z,Jay Dobkin,CC BY-SA 4.0,https://creativecommons.org/licenses/by-sa/4.0,2026-10-05T00:43:12.088832+00:00,"Source caption: A decapitated lamppost in August 2025 in Central Park , New York City, on a path just east of the park's West Drive, north of the the West 100th Street entrance (the Boys Gate). | Agent visual review: Lamp head is detached and hanging down below the top of the park lamppost.",agent_reviewed,368cec1182f9b1af4835a3623f4b6143e10bc85080c758e17eba51440f43363a,Commons thumbnail where available; EXIF orientation applied; RGB; aspect-preserving maximum 1280 px; JPEG quality 90; all EXIF/GPS/IPTC removed; no crop. No additional label caveat.,Decapitated lamppost in Central Park 01.jpg,"Central Park, New York City, United States",,daylight,,commons-84bcb35daa
commons-8ecf201b0b,images/commons-8ecf201b0b.jpg,pothole,Wikimedia Commons curated subset,https://commons.wikimedia.org/wiki/File:Pothole_Big.jpg,https://upload.wikimedia.org/wikipedia/commons/c/c7/Pothole_Big.jpg?utm_source=commons.wikimedia.org&utm_campaign=imageinfo&utm_content=original,Commons page revision 1211866573; file upload 2009-03-04T08:03:50Z,Uncl3dad,Public domain,https://commons.wikimedia.org/w/index.php?oldid=1211866573,2026-10-05T00:41:52.582384+00:00,Source caption: A large pothole on a country road. | Agent visual review: Large crater with broken asphalt edges and exposed road base.,agent_reviewed,3e945cbebed3ad1184faee45195c88e30db124621acb00c3d05dfab9411fe606,Commons thumbnail where available; EXIF orientation applied; RGB; aspect-preserving maximum 1280 px; JPEG quality 90; all EXIF/GPS/IPTC removed; no crop. No additional label caveat.,Pothole Big.jpg,,,daylight,,commons-8ecf201b0b
commons-9019e613c0,images/commons-9019e613c0.jpg,pothole,Wikimedia Commons curated subset,"https://commons.wikimedia.org/wiki/File:Pothole_in_Villeray,_Montr%C3%A9al.jpg",https://thumb.wikimedia.org/wikipedia/commons/thumb/8/86/Pothole_in_Villeray%2C_Montr%C3%A9al.jpg/1280px-Pothole_in_Villeray%2C_Montr%C3%A9al.jpg?utm_source=commons.wikimedia.org&utm_campaign=imageinfo&utm_content=thumbnail,Commons page revision 1205771119; file upload 2007-02-25T22:34:34Z,Miguel Tremblay,Public domain,https://commons.wikimedia.org/w/index.php?oldid=1205771119,2026-10-05T00:41:49.568926+00:00,"Source caption: Villeray , Montréal, Québec, Canada. Pothole on Faillon at the corner of St-Denis, on the east side of the intersection. Detail of pothole, showing presence of water in soil structure. | Agent visual review: Water-filled cavity with visibly missing asphalt and broken edges.",agent_reviewed,adfa742982c2bd10a24504070f1a99af7bacce6341ba479ae2126ae373172f77,Commons thumbnail where available; EXIF orientation applied; RGB; aspect-preserving maximum 1280 px; JPEG quality 90; all EXIF/GPS/IPTC removed; no crop. Source explicitly warns that camera EXIF date is incorrect; do not infer capture date from EXIF.,"Pothole in Villeray, Montréal.jpg","Montreal, Canada",,daylight,,commons-9019e613c0
commons-91f5ab98d5,images/commons-91f5ab98d5.jpg,pothole,Wikimedia Commons curated subset,https://commons.wikimedia.org/wiki/File:Nasty_pothole_in_the_middle_of_Virginia_Avenue.jpg,https://thumb.wikimedia.org/wikipedia/commons/thumb/e/e0/Nasty_pothole_in_the_middle_of_Virginia_Avenue.jpg/1280px-Nasty_pothole_in_the_middle_of_Virginia_Avenue.jpg?utm_source=commons.wikimedia.org&utm_campaign=imageinfo&utm_content=thumbnail,Commons page revision 903939590; file upload 2024-07-26T13:49:53Z,Ser Amantio di Nicolao,CC BY-SA 4.0,https://creativecommons.org/licenses/by-sa/4.0,2026-10-05T00:42:18.588344+00:00,"Source caption: Foggy Bottom, Washington, DC | Agent visual review: Broken, sunken asphalt at the edge of a road utility cover; visible loss of road surface.",agent_reviewed,e55eb3345ebbb9a45d69fcba78597fe6b663ee277641af2d9c300c51edd5ce91,Commons thumbnail where available; EXIF orientation applied; RGB; aspect-preserving maximum 1280 px; JPEG quality 90; all EXIF/GPS/IPTC removed; no crop. No additional label caveat.,Nasty pothole in the middle of Virginia Avenue.jpg,"Washington, DC, United States",,daylight,,commons-91f5ab98d5
commons-9271f8fbbf,images/commons-9271f8fbbf.jpg,pothole,Wikimedia Commons curated subset,https://commons.wikimedia.org/wiki/File:Pothole_in_limerock_road_gilchrist_county_florida.jpg,https://thumb.wikimedia.org/wikipedia/commons/thumb/c/c7/Pothole_in_limerock_road_gilchrist_county_florida.jpg/1280px-Pothole_in_limerock_road_gilchrist_county_florida.jpg?utm_source=commons.wikimedia.org&utm_campaign=imageinfo&utm_content=thumbnail,Commons page revision 1215502264; file upload 2019-04-12T01:37:44Z,Cosmicray,CC BY-SA 4.0,https://creativecommons.org/licenses/by-sa/4.0,2026-10-05T00:42:02.527888+00:00,"Source caption: Pothole in limerock graded road, Gilchrist County Florida. Caused by vehicle traffic combined with precipitation. | Agent visual review: Visible eroded depression in an unpaved road; source explicitly attributes the pothole to traffic and precipitation.",agent_reviewed,0e4135a464df8c74301d8fd2462985d7f80e173afb98635ad2e76958f57ad2a5,Commons thumbnail where available; EXIF orientation applied; RGB; aspect-preserving maximum 1280 px; JPEG quality 90; all EXIF/GPS/IPTC removed; no crop. No additional label caveat.,Pothole in limerock road gilchrist county florida.jpg,"Gilchrist County, Florida, United States",,daylight,,commons-9271f8fbbf
commons-951c65e3fc,images/commons-951c65e3fc.jpg,illegal_dumping,Wikimedia Commons curated subset,https://commons.wikimedia.org/wiki/File:Fly_tipping_-_geograph.org.uk_-_337058.jpg,https://upload.wikimedia.org/wikipedia/commons/thumb/9/96/Fly_tipping_-_geograph.org.uk_-_337058.jpg/330px-Fly_tipping_-_geograph.org.uk_-_337058.jpg,Commons page revision 1054738270; file upload 2010-12-30T21:43:29Z,Roger Cornfoot,CC BY-SA 2.0,https://creativecommons.org/licenses/by-sa/2.0,2026-10-05T00:56:29.399237+00:00,"Source caption: Fly tipping Manufacturing off-cuts, dumped on the Fosse Way, near Culkerton. | Agent visual review: Large heap of manufacturing off-cuts obstructs a rural track; source explicitly says the material was dumped.",agent_reviewed,c392be5453ec8519ce3eb3309a5bd9d9ccf5bbad5441dfec139f887a56491cf2,Commons cached thumbnail (330 px for small originals) where available; EXIF orientation applied; RGB; aspect-preserving maximum 1280 px; JPEG quality 90; all EXIF/GPS/IPTC removed; no crop. No additional label caveat.,Fly tipping - geograph.org.uk - 337058.jpg,"Fosse Way near Culkerton, United Kingdom",2007-02-12,daylight,,commons-951c65e3fc
commons-95929b7145,images/commons-95929b7145.jpg,broken_streetlight,Wikimedia Commons curated subset,"https://commons.wikimedia.org/wiki/File:Damaged_lamp_post,_Fira,_Santorini,_Greece_(approx._GPS_location)_julesvernex2.jpg",https://thumb.wikimedia.org/wikipedia/commons/thumb/c/c3/Damaged_lamp_post%2C_Fira%2C_Santorini%2C_Greece_%28approx._GPS_location%29_julesvernex2.jpg/1280px-Damaged_lamp_post%2C_Fira%2C_Santorini%2C_Greece_%28approx._GPS_location%29_julesvernex2.jpg?utm_source=commons.wikimedia.org&utm_campaign=imageinfo&utm_content=thumbnail,Commons page revision 1164332246; file upload 2025-06-20T21:25:52Z,Jules Verne Times Two,CC BY-SA 4.0,https://creativecommons.org/licenses/by-sa/4.0,2026-10-05T00:43:06.392198+00:00,"Source caption: Damaged lamp post, Fira, Santorini, Greece (approx. GPS location) | Agent visual review: Decorative lamp has missing outer lamp enclosures, leaving inner bulbs exposed; damaged-lamp source caption supports this interpretation.",agent_reviewed,15944c24c947f7e668517059b9f36c5c2da7ef7f101c078e6630c182ec17b907,Commons thumbnail where available; EXIF orientation applied; RGB; aspect-preserving maximum 1280 px; JPEG quality 90; all EXIF/GPS/IPTC removed; no crop. No additional label caveat.,"Damaged lamp post, Fira, Santorini, Greece (approx. GPS location) julesvernex2.jpg","Fira, Greece",,daylight,,commons-95929b7145
commons-9763aaca53,images/commons-9763aaca53.jpg,broken_streetlight,Wikimedia Commons curated subset,"https://commons.wikimedia.org/wiki/File:Umgest%C3%BCrzte_Laterne_vor_dem_Rathaus_D%C3%BCsseldorf,_13_M%C3%A4rz_2024_(1).JPG",https://thumb.wikimedia.org/wikipedia/commons/thumb/6/67/Umgest%C3%BCrzte_Laterne_vor_dem_Rathaus_D%C3%BCsseldorf%2C_13_M%C3%A4rz_2024_%281%29.JPG/1280px-Umgest%C3%BCrzte_Laterne_vor_dem_Rathaus_D%C3%BCsseldorf%2C_13_M%C3%A4rz_2024_%281%29.JPG?utm_source=commons.wikimedia.org&utm_campaign=imageinfo&utm_content=thumbnail,Commons page revision 946957554; file upload 2024-03-13T17:03:15Z,"Kürschner ( talk ) 17:03, 13 March 2024 (UTC)",CC0,http://creativecommons.org/publicdomain/zero/1.0/deed.en,2026-10-05T00:44:07.186897+00:00,"Source caption: Umgestürzte Laterne vor dem Rathaus Düsseldorf, 13. März 2024. | Agent visual review: Streetlight post lies broken on the pavement, with its base detached.",agent_reviewed,dfe19b364b467737eef6ff6dff540df3e0a9e1b6a80109f9e9c02457bbb18420,Commons thumbnail where available; EXIF orientation applied; RGB; aspect-preserving maximum 1280 px; JPEG quality 90; all EXIF/GPS/IPTC removed; no crop. No additional label caveat.,"Umgestürzte Laterne vor dem Rathaus Düsseldorf, 13 März 2024 (1).JPG","Dusseldorf, Germany",,daylight,,commons-9763aaca53
commons-a39e024474,images/commons-a39e024474.jpg,broken_streetlight,Wikimedia Commons curated subset,https://commons.wikimedia.org/wiki/File:Tilting_street_light_-_17_August_2026.jpg,https://thumb.wikimedia.org/wikipedia/commons/thumb/e/eb/Tilting_street_light_-_17_August_2026.jpg/1280px-Tilting_street_light_-_17_August_2026.jpg?utm_source=commons.wikimedia.org&utm_campaign=imageinfo&utm_content=thumbnail,Commons page revision 1263810330; file upload 2026-08-18T15:58:57Z,Aethonatic,CC0,http://creativecommons.org/publicdomain/zero/1.0/deed.en,2026-10-05T00:44:02.916777+00:00,Source caption: A street light tilting to the side in Fairham. | Agent visual review: Streetlight pole leans strongly from vertical; source explicitly identifies tilting.,agent_reviewed,41e3c97eebba65163d040502d49ac52c8f027969ffa15cbd6fadcc5c1313f870,Commons thumbnail where available; EXIF orientation applied; RGB; aspect-preserving maximum 1280 px; JPEG quality 90; all EXIF/GPS/IPTC removed; no crop. No additional label caveat.,Tilting street light - 17 August 2026.jpg,"Fairham, United Kingdom",,daylight,,commons-a39e024474
commons-a3ff7b5c1d,images/commons-a3ff7b5c1d.jpg,pothole,Wikimedia Commons curated subset,https://commons.wikimedia.org/wiki/File:Potholes_in_Bengaluru_road.jpg,https://thumb.wikimedia.org/wikipedia/commons/thumb/3/36/Potholes_in_Bengaluru_road.jpg/1280px-Potholes_in_Bengaluru_road.jpg?utm_source=commons.wikimedia.org&utm_campaign=imageinfo&utm_content=thumbnail,Commons page revision 1272903966; file upload 2025-09-10T02:55:10Z,Mallikarjunasj,CC0,http://creativecommons.org/publicdomain/zero/1.0/deed.en,2026-10-05T00:41:57.669011+00:00,Source caption: potholes in Bengaluru road | Agent visual review: Visible circular missing asphalt and exposed aggregate near the curb.,agent_reviewed,0cfd92ecd80e9a32ad2fb714736aaa7d39e03f0d56f6492af162005dc0f37add,Commons thumbnail where available; EXIF orientation applied; RGB; aspect-preserving maximum 1280 px; JPEG quality 90; all EXIF/GPS/IPTC removed; no crop. No additional label caveat.,Potholes in Bengaluru road.jpg,"Bengaluru, India",,daylight,,commons-a3ff7b5c1d
commons-b1418840a5,images/commons-b1418840a5.jpg,broken_streetlight,Wikimedia Commons curated subset,https://commons.wikimedia.org/wiki/File:Besch%C3%A4digte_Stra%C3%9Fenlampe_in_Westerland.webp,https://thumb.wikimedia.org/wikipedia/commons/thumb/8/86/Besch%C3%A4digte_Stra%C3%9Fenlampe_in_Westerland.webp/1280px-Besch%C3%A4digte_Stra%C3%9Fenlampe_in_Westerland.webp?utm_source=commons.wikimedia.org&utm_campaign=imageinfo&utm_content=thumbnail,Commons page revision 822304073; file upload 2023-08-01T02:03:15Z,Sebastian Martin Dicke,CC BY-SA 4.0,https://creativecommons.org/licenses/by-sa/4.0,2026-10-05T00:42:25.735068+00:00,Source caption: Beschädigte Straßenlampe in Westerland | Agent visual review: Lamp's outer enclosure is missing and lies beside the pole; source caption states damage.,agent_reviewed,8fd385da7140d23003f702a740336b2272e5aced2367ee4ff75fbebc65afe939,Commons thumbnail where available; EXIF orientation applied; RGB; aspect-preserving maximum 1280 px; JPEG quality 90; all EXIF/GPS/IPTC removed; no crop. No additional label caveat.,Beschädigte Straßenlampe in Westerland.webp,"Westerland, Germany",,daylight,,commons-b1418840a5
commons-bb9ea4bd37,images/commons-bb9ea4bd37.jpg,illegal_dumping,Wikimedia Commons curated subset,https://commons.wikimedia.org/wiki/File:Fly_tipping_near_Chickenley_-_geograph.org.uk_-_5247658.jpg,https://thumb.wikimedia.org/wikipedia/commons/thumb/9/94/Fly_tipping_near_Chickenley_-_geograph.org.uk_-_5247658.jpg/1280px-Fly_tipping_near_Chickenley_-_geograph.org.uk_-_5247658.jpg,Commons page revision 1255508868; file upload 2023-08-10T22:44:32Z,Bill Boaden,CC BY-SA 2.0,https://creativecommons.org/licenses/by-sa/2.0,2026-10-05T00:56:17.614851+00:00,Source caption: Fly tipping near Chickenley | Agent visual review: Bulky rubble and waste are strewn along a rural path verge; source identifies fly tipping.,agent_reviewed,1b6d4eb6743b08ddf67ee4f1080093c2d0da1bd306e2b2f1e07f48290832396b,Commons cached thumbnail (330 px for small originals) where available; EXIF orientation applied; RGB; aspect-preserving maximum 1280 px; JPEG quality 90; all EXIF/GPS/IPTC removed; no crop. No additional label caveat.,Fly tipping near Chickenley - geograph.org.uk - 5247658.jpg,"Chickenley, United Kingdom",2017-01-07,daylight,,commons-bb9ea4bd37
commons-be90c97f20,images/commons-be90c97f20.jpg,damaged_sign,Wikimedia Commons curated subset,"https://commons.wikimedia.org/wiki/File:Damaged_road_name_sign,_Rathmore_Road,_Torquay_-_geograph.org.uk_-_5212636.jpg",https://thumb.wikimedia.org/wikipedia/commons/thumb/f/fc/Damaged_road_name_sign%2C_Rathmore_Road%2C_Torquay_-_geograph.org.uk_-_5212636.jpg/1280px-Damaged_road_name_sign%2C_Rathmore_Road%2C_Torquay_-_geograph.org.uk_-_5212636.jpg?utm_source=commons.wikimedia.org&utm_campaign=imageinfo&utm_content=thumbnail,Commons page revision 957230679; file upload 2023-08-01T15:44:50Z,Derek Harper,CC BY-SA 2.0,https://creativecommons.org/licenses/by-sa/2.0,2026-10-05T00:48:50.484152+00:00,"Source caption: Damaged road name sign, Rathmore Road, Torquay | Agent visual review: Road-name lettering is chipped/worn and incomplete; source identifies damaged road-name sign.",agent_reviewed,f08c66d4af7e9f82d6542903df10242acdfb93a804637244b2c3451988b01720,Commons thumbnail where available; EXIF orientation applied; RGB; aspect-preserving maximum 1280 px; JPEG quality 90; all EXIF/GPS/IPTC removed; no crop. No additional label caveat.,"Damaged road name sign, Rathmore Road, Torquay - geograph.org.uk - 5212636.jpg","Rathmore Road, Torquay, United Kingdom",2016-11-29,daylight,,commons-be90c97f20
commons-c9de6a8517,images/commons-c9de6a8517.jpg,broken_streetlight,Wikimedia Commons curated subset,https://commons.wikimedia.org/wiki/File:Damaged_light_donostia.JPG,https://thumb.wikimedia.org/wikipedia/commons/thumb/d/df/Damaged_light_donostia.JPG/1280px-Damaged_light_donostia.JPG?utm_source=commons.wikimedia.org&utm_campaign=imageinfo&utm_content=thumbnail,Commons page revision 957239867; file upload 2015-12-11T09:14:03Z,Joxemai,CC BY-SA 4.0,https://creativecommons.org/licenses/by-sa/4.0,2026-10-05T00:43:09.289481+00:00,Source caption: Damaged street light | Agent visual review: Lamp enclosure is detached from its mounting and hangs down beside the post.,agent_reviewed,b9b3f395e62b95c779dde0d612aad8d311f5679d6d8af215ebac7a199247d717,Commons thumbnail where available; EXIF orientation applied; RGB; aspect-preserving maximum 1280 px; JPEG quality 90; all EXIF/GPS/IPTC removed; no crop. No additional label caveat.,Damaged light donostia.JPG,"San Sebastian, Spain",,daylight,,commons-c9de6a8517
commons-c9f45e0429,images/commons-c9f45e0429.jpg,damaged_sign,Wikimedia Commons curated subset,https://commons.wikimedia.org/wiki/File:At_Manchester_2016_068.jpg,https://thumb.wikimedia.org/wikipedia/commons/thumb/b/b7/At_Manchester_2016_068.jpg/1280px-At_Manchester_2016_068.jpg?utm_source=commons.wikimedia.org&utm_campaign=imageinfo&utm_content=thumbnail,Commons page revision 1246824759; file upload 2025-01-01T22:00:28Z,Photograph by Mike Peel ( www.mikepeel.net ).,CC BY-SA 4.0,https://creativecommons.org/licenses/by-sa/4.0,2026-10-05T00:44:16.361318+00:00,Source caption absent; source category/title only. | Agent visual review: Road warning sign has extensive peeling and illegibility; lower distance plate is partly obscured.,agent_reviewed,cb8958ca4b9133e7a9ac902f7ba45b0c5bd73a7c5af5ee7f77fded41be4ed31c,"Commons thumbnail where available; EXIF orientation applied; RGB; aspect-preserving maximum 1280 px; JPEG quality 90; all EXIF/GPS/IPTC removed; no crop. Source description is empty; label rests on agent visual interpretation and damaged-road-sign category, not an original annotation.",At Manchester 2016 068.jpg,"Manchester, United Kingdom",,daylight,,commons-c9f45e0429
commons-d374fa7f87,images/commons-d374fa7f87.jpg,illegal_dumping,Wikimedia Commons curated subset,"https://commons.wikimedia.org/wiki/File:Fly_tipping_white_goods_in_Parco_Alto_Milanese_-_Legnano_(MI),_Lombardy,_Italy_-_2021-09-18.jpg",https://thumb.wikimedia.org/wikipedia/commons/thumb/1/16/Fly_tipping_white_goods_in_Parco_Alto_Milanese_-_Legnano_%28MI%29%2C_Lombardy%2C_Italy_-_2021-09-18.jpg/1280px-Fly_tipping_white_goods_in_Parco_Alto_Milanese_-_Legnano_%28MI%29%2C_Lombardy%2C_Italy_-_2021-09-18.jpg?utm_source=commons.wikimedia.org&utm_campaign=imageinfo&utm_content=thumbnail,Commons page revision 965196148; file upload 2021-10-12T08:03:24Z,Mænsard vokser,CC BY-SA 4.0,https://creativecommons.org/licenses/by-sa/4.0,2026-10-05T00:46:15.058590+00:00,"Source caption: The picture depicts a white good, probably an old fridge, that was illegally dumped inside the area of the agricultural park ""Parco Alto Milanese"" in the town Legnano. This place is located in the region of Lombardy in Italy. Picture taken on the 18th of september in 2021. 2021-09-18 | Agent visual review: Discarded large appliance in vegetation; source explicitly describes illegally dumped white goods in an agricultural park.",agent_reviewed,970034ca36d6eebfd6998ac57c1d5ee7ed0c1c36a7b1337c14ff2263fde6cbcf,Commons thumbnail where available; EXIF orientation applied; RGB; aspect-preserving maximum 1280 px; JPEG quality 90; all EXIF/GPS/IPTC removed; no crop. No additional label caveat.,"Fly tipping white goods in Parco Alto Milanese - Legnano (MI), Lombardy, Italy - 2021-09-18.jpg","Legnano, Italy",,daylight,,commons-d374fa7f87
commons-d5575814f4,images/commons-d5575814f4.jpg,leaking_hydrant,Wikimedia Commons curated subset,https://commons.wikimedia.org/wiki/File:Leaking_hydrant_on_Washer_Lane_-_geograph.org.uk_-_2054711.jpg,https://upload.wikimedia.org/wikipedia/commons/thumb/f/fb/Leaking_hydrant_on_Washer_Lane_-_geograph.org.uk_-_2054711.jpg/330px-Leaking_hydrant_on_Washer_Lane_-_geograph.org.uk_-_2054711.jpg,Commons page revision 1017819689; file upload 2021-05-25T05:59:22Z,Stephen Craven,CC BY-SA 2.0,https://creativecommons.org/licenses/by-sa/2.0,2026-10-05T00:55:18.895085+00:00,Source caption: Leaking hydrant on Washer Lane | Agent visual review: Water flows across the road; the original source caption specifically identifies a leaking hydrant on Washer Lane.,agent_reviewed,25a22f01c6fd8adfaefc51357d3be8e007f4fedee99aa041ea2e142c1286f5c5,Commons cached thumbnail (330 px for small originals) where available; EXIF orientation applied; RGB; aspect-preserving maximum 1280 px; JPEG quality 90; all EXIF/GPS/IPTC removed; no crop. Hydrant itself and leak origin are not visible; this source-supported label is unsuitable as stand-alone proof of photo-only hydrant recognition.,Leaking hydrant on Washer Lane - geograph.org.uk - 2054711.jpg,"Washer Lane, United Kingdom",2010-08-29,daylight,,commons-d5575814f4
commons-d6849d80e8,images/commons-d6849d80e8.jpg,illegal_dumping,Wikimedia Commons curated subset,https://commons.wikimedia.org/wiki/File:Fly_Tipping_-_geograph.org.uk_-_1025840.jpg,https://upload.wikimedia.org/wikipedia/commons/thumb/7/7c/Fly_Tipping_-_geograph.org.uk_-_1025840.jpg/330px-Fly_Tipping_-_geograph.org.uk_-_1025840.jpg,Commons page revision 1128055156; file upload 2011-02-23T14:09:38Z,wfmillar,CC BY-SA 2.0,https://creativecommons.org/licenses/by-sa/2.0,2026-10-05T00:55:44.598280+00:00,Source caption: Fly Tipping A flooded abandoned gravel pit. | Agent visual review: Discarded appliance and other bulky objects lie in flooded ground; source identifies fly tipping at an abandoned gravel pit.,agent_reviewed,95bc7cfd14b0cdcbc7d2e7f34828728816ac241d685f3dadc6533085b788cc69,Commons cached thumbnail (330 px for small originals) where available; EXIF orientation applied; RGB; aspect-preserving maximum 1280 px; JPEG quality 90; all EXIF/GPS/IPTC removed; no crop. No additional label caveat.,Fly Tipping - geograph.org.uk - 1025840.jpg,,2008-10-28,daylight,,commons-d6849d80e8
commons-d86039e488,images/commons-d86039e488.jpg,leaking_hydrant,Wikimedia Commons curated subset,"https://commons.wikimedia.org/wiki/File:Broken_fire_hydrant_leak_high-pressure_water_spout_(2023,_Vero_Beach,_Florida)_01.jpg",https://thumb.wikimedia.org/wikipedia/commons/thumb/d/d8/Broken_fire_hydrant_leak_high-pressure_water_spout_%282023%2C_Vero_Beach%2C_Florida%29_01.jpg/1280px-Broken_fire_hydrant_leak_high-pressure_water_spout_%282023%2C_Vero_Beach%2C_Florida%29_01.jpg?utm_source=commons.wikimedia.org&utm_campaign=imageinfo&utm_content=thumbnail,Commons page revision 996923402; file upload 2023-04-24T17:26:13Z,Kiran891,CC BY-SA 4.0,https://creativecommons.org/licenses/by-sa/4.0,2026-10-05T00:46:03.122260+00:00,"Source caption: Broken Fire hydrant leak high-pressure water spout (2023, Vero Beach, Florida ) | Agent visual review: Hydrant emits a high water plume; source explicitly describes a broken-hydrant leak.",agent_reviewed,b2e5e6f1a94a08289b4be392c804adf3ba47ebe61cae74b1b3968c60b16c9e5d,Commons thumbnail where available; EXIF orientation applied; RGB; aspect-preserving maximum 1280 px; JPEG quality 90; all EXIF/GPS/IPTC removed; no crop. High-flow leak is atypical for a nonemergency reporter; real incidents may require urgent utility response.,"Broken fire hydrant leak high-pressure water spout (2023, Vero Beach, Florida) 01.jpg","Vero Beach, Florida, United States",,daylight,,commons-d86039e488
commons-dbe1344c9f,images/commons-dbe1344c9f.jpg,illegal_dumping,Wikimedia Commons curated subset,"https://commons.wikimedia.org/wiki/File:Fly_tipping_near_High_Beech,_Essex.jpg",https://thumb.wikimedia.org/wikipedia/commons/thumb/3/3b/Fly_tipping_near_High_Beech%2C_Essex.jpg/1280px-Fly_tipping_near_High_Beech%2C_Essex.jpg?utm_source=commons.wikimedia.org&utm_campaign=imageinfo&utm_content=thumbnail,Commons page revision 1255508889; file upload 2024-09-06T14:52:14Z,The wub,CC BY-SA 4.0,https://creativecommons.org/licenses/by-sa/4.0,2026-10-05T00:46:17.759688+00:00,"Source caption: Fly tipping near High Beech, Essex | Agent visual review: Large pile of furniture and appliances dumped along a woodland path; source identifies fly tipping.",agent_reviewed,34b52458998deb7ebd78533b60a5cf948c1a08677e76deaa2ced7ecb096c484c,Commons thumbnail where available; EXIF orientation applied; RGB; aspect-preserving maximum 1280 px; JPEG quality 90; all EXIF/GPS/IPTC removed; no crop. No additional label caveat.,"Fly tipping near High Beech, Essex.jpg","High Beech, Essex, United Kingdom",,daylight,,commons-dbe1344c9f
commons-dca2e40d63,images/commons-dca2e40d63.jpg,illegal_dumping,Wikimedia Commons curated subset,"https://commons.wikimedia.org/wiki/File:Fly-tipping_construction_waste_in_Parco_Alto_Milanese_-_Busto_Arsizio,_Lombardy,_Italy.jpg",https://thumb.wikimedia.org/wikipedia/commons/thumb/3/31/Fly-tipping_construction_waste_in_Parco_Alto_Milanese_-_Busto_Arsizio%2C_Lombardy%2C_Italy.jpg/1280px-Fly-tipping_construction_waste_in_Parco_Alto_Milanese_-_Busto_Arsizio%2C_Lombardy%2C_Italy.jpg?utm_source=commons.wikimedia.org&utm_campaign=imageinfo&utm_content=thumbnail,Commons page revision 1255492364; file upload 2021-10-12T08:03:24Z,Mænsard vokser,CC BY-SA 4.0,https://creativecommons.org/licenses/by-sa/4.0,2026-10-05T00:46:11.879501+00:00,"Source caption: The picture depicts a pile of construction waste that was illegally dumped inside the area of the agricultural park ""Parco Alto Milanese"" in Busto Arsizio. This place is located in the region of Lombardy in Italy. Picture taken on the 18th of september in 2021. 2021-09-18 | Agent visual review: Large mound of rubble blocks a rural path; source explicitly identifies illegally dumped construction waste.",agent_reviewed,0d04ecb95d958138501a87e240544aa7bb82cbceec7daba52c63389f8eda3f4d,Commons thumbnail where available; EXIF orientation applied; RGB; aspect-preserving maximum 1280 px; JPEG quality 90; all EXIF/GPS/IPTC removed; no crop. No additional label caveat.,"Fly-tipping construction waste in Parco Alto Milanese - Busto Arsizio, Lombardy, Italy.jpg","Busto Arsizio, Italy",,daylight,,commons-dca2e40d63
commons-ddf392a527,images/commons-ddf392a527.jpg,pothole,Wikimedia Commons curated subset,https://commons.wikimedia.org/wiki/File:Pothole_in_Potomac_after_rain.jpg,https://thumb.wikimedia.org/wikipedia/commons/thumb/2/29/Pothole_in_Potomac_after_rain.jpg/1280px-Pothole_in_Potomac_after_rain.jpg?utm_source=commons.wikimedia.org&utm_campaign=imageinfo&utm_content=thumbnail,Commons page revision 1132539314; file upload 2025-05-06T15:34:12Z,Ser Amantio di Nicolao,CC BY-SA 4.0,https://creativecommons.org/licenses/by-sa/4.0,2026-10-05T00:42:13.173440+00:00,"Source caption: Potomac, Maryland | Agent visual review: Water-filled missing asphalt with broken surface edges.",agent_reviewed,e19452ad1ab9891e5b93fa9e306265cd4bed745eea53f65c640787259156f7a1,Commons thumbnail where available; EXIF orientation applied; RGB; aspect-preserving maximum 1280 px; JPEG quality 90; all EXIF/GPS/IPTC removed; no crop. No additional label caveat.,Pothole in Potomac after rain.jpg,"Potomac, Maryland, United States",,daylight,,commons-ddf392a527
commons-dfd2cf17b6,images/commons-dfd2cf17b6.jpg,pothole,Wikimedia Commons curated subset,https://commons.wikimedia.org/wiki/File:Pothole_on_local_Road_in_County_Monaghan.jpg,https://thumb.wikimedia.org/wikipedia/commons/thumb/3/35/Pothole_on_local_Road_in_County_Monaghan.jpg/1280px-Pothole_on_local_Road_in_County_Monaghan.jpg?utm_source=commons.wikimedia.org&utm_campaign=imageinfo&utm_content=thumbnail,Commons page revision 848072287; file upload 2020-06-09T16:18:46Z,Computerfan0,CC0,http://creativecommons.org/publicdomain/zero/1.0/deed.en,2026-10-05T00:41:47.056961+00:00,"Source caption: This is an image of a pothole on a local road in a rural area of County Monaghan, Ireland. | Agent visual review: Long eroded road-surface cavity exposes aggregate; source explicitly identifies a pothole.",agent_reviewed,2c0e26c7a2956f9a8f95cd86e8fb3468f53549861a19d9e2a82b7919443806e6,Commons thumbnail where available; EXIF orientation applied; RGB; aspect-preserving maximum 1280 px; JPEG quality 90; all EXIF/GPS/IPTC removed; no crop. No additional label caveat.,Pothole on local Road in County Monaghan.jpg,"County Monaghan, Ireland",,daylight,,commons-dfd2cf17b6
commons-e6dea1ae8d,images/commons-e6dea1ae8d.jpg,damaged_sign,Wikimedia Commons curated subset,"https://commons.wikimedia.org/wiki/File:Damaged_road_sign,_Ballinamullan_-_geograph.org.uk_-_4396145.jpg",https://upload.wikimedia.org/wikipedia/commons/thumb/1/14/Damaged_road_sign%2C_Ballinamullan_-_geograph.org.uk_-_4396145.jpg/330px-Damaged_road_sign%2C_Ballinamullan_-_geograph.org.uk_-_4396145.jpg,Commons page revision 944877273; file upload 2023-02-09T04:16:26Z,Kenneth  Allen,CC BY-SA 2.0,https://creativecommons.org/licenses/by-sa/2.0,2026-10-05T00:54:46.197952+00:00,"Source caption: Damaged road sign, Ballinamullan | Agent visual review: Broken road-name panel and framing lie in pieces against vegetation.",agent_reviewed,6528310e4cf2d46fcaa2afec008c045a0d72b7afd6dc2e30df17d037817a8c23,Commons cached thumbnail (330 px for small originals) where available; EXIF orientation applied; RGB; aspect-preserving maximum 1280 px; JPEG quality 90; all EXIF/GPS/IPTC removed; no crop. No additional label caveat.,"Damaged road sign, Ballinamullan - geograph.org.uk - 4396145.jpg","Ballinamullan, United Kingdom",2015-03-23,daylight,,commons-e6dea1ae8d
commons-eddb29d0cf,images/commons-eddb29d0cf.jpg,broken_streetlight,Wikimedia Commons curated subset,https://commons.wikimedia.org/wiki/File:A_fallen_street_light_pole.jpg,https://thumb.wikimedia.org/wikipedia/commons/thumb/5/5f/A_fallen_street_light_pole.jpg/1280px-A_fallen_street_light_pole.jpg?utm_source=commons.wikimedia.org&utm_campaign=imageinfo&utm_content=thumbnail,Commons page revision 778166183; file upload 2020-10-04T08:54:34Z,Niera,CC BY-SA 4.0,https://creativecommons.org/licenses/by-sa/4.0,2026-10-05T00:42:21.437225+00:00,"Source caption: Kaatunut katuvalopylväs Haminan Hietakylässä, Kapteeninkadun päässä | Agent visual review: Whole streetlight pole lies fallen on a public paved surface; its lamp head is visible at the far end.",agent_reviewed,134e12d1ed89ce4c06b5ec56c01c1bbf4ad922062eb1e14b40c7ee9d87166f50,Commons thumbnail where available; EXIF orientation applied; RGB; aspect-preserving maximum 1280 px; JPEG quality 90; all EXIF/GPS/IPTC removed; no crop. No additional label caveat.,A fallen street light pole.jpg,"Hamina, Finland",,daylight,,commons-eddb29d0cf
commons-f5eb1a435d,images/commons-f5eb1a435d.jpg,damaged_sign,Wikimedia Commons curated subset,https://commons.wikimedia.org/wiki/File:Damaged_road_sign_along_Roscavey_Road_-_geograph.org.uk_-_4485587.jpg,https://upload.wikimedia.org/wikipedia/commons/8/8c/Damaged_road_sign_along_Roscavey_Road_-_geograph.org.uk_-_4485587.jpg?utm_source=commons.wikimedia.org&utm_campaign=imageinfo&utm_content=original,Commons page revision 944318054; file upload 2023-03-05T00:17:26Z,Kenneth  Allen,CC BY-SA 2.0,https://creativecommons.org/licenses/by-sa/2.0,2026-10-05T00:49:00.639356+00:00,Source caption: Damaged road sign along Roscavey Road | Agent visual review: Detached road-name panel lies tilted at the base of its post.,agent_reviewed,16cb0b381c3d6480c5a44a73e329365c087536c233acd4029b8ecef22be634e6,Commons thumbnail where available; EXIF orientation applied; RGB; aspect-preserving maximum 1280 px; JPEG quality 90; all EXIF/GPS/IPTC removed; no crop. No additional label caveat.,Damaged road sign along Roscavey Road - geograph.org.uk - 4485587.jpg,"Roscavey Road, United Kingdom",2015-05-21,daylight,,commons-f5eb1a435d
