image_id,candidate_label,source_title,source_url,acquisition_status,disposition,review_type,reason
commons-04258228ae,damaged_sign,File:Damaged road sign along Seein Road - geograph.org.uk - 4325202.jpg,https://commons.wikimedia.org/wiki/File:Damaged_road_sign_along_Seein_Road_-_geograph.org.uk_-_4325202.jpg,pending_agent_review,included,agent_visual_review,Road-name panel and its frame are detached and tilted against a fence.
commons-0a68e3b438,pothole,File:A photo of a pothole 2021-07-11.jpg,https://commons.wikimedia.org/wiki/File:A_photo_of_a_pothole_2021-07-11.jpg,pending_agent_review,included,agent_visual_review,Visible dark road-surface cavity beside an intact drain cover.
commons-0aa9d3147f,broken_streetlight,File:Broken (4182613125).jpg,https://commons.wikimedia.org/wiki/File:Broken_(4182613125).jpg,pending_agent_review,excluded,agent_visual_review,Blurry nighttime photo has a generic broken title and EXIF-focused caption; it does not identify which fixture failed or substantiate electrical failure.
commons-0f02ab33ca,illegal_dumping,"File:Fly-tipping, Johnstone - geograph.org.uk - 1597453.jpg","https://commons.wikimedia.org/wiki/File:Fly-tipping,_Johnstone_-_geograph.org.uk_-_1597453.jpg",pending_agent_review,included,agent_visual_review,Discarded bulky items lie beyond a rural hedge; source says waste was thrown over it beside Auchenlodment Road.
commons-1b000da556,leaking_hydrant,File:Leaking Fire Hydrant - geograph.org.uk - 1219371.jpg,https://commons.wikimedia.org/wiki/File:Leaking_Fire_Hydrant_-_geograph.org.uk_-_1219371.jpg,pending_agent_review,included,agent_visual_review,Unintended-looking water plume rises from a pavement utility opening; source explicitly identifies a leaking fire hydrant.
commons-1be7ba9610,damaged_sign,"File:A damaged road sign at Tamlaght, Newtownsaville - geograph.org.uk - 4456079.jpg","https://commons.wikimedia.org/wiki/File:A_damaged_road_sign_at_Tamlaght,_Newtownsaville_-_geograph.org.uk_-_4456079.jpg",pending_agent_review,included,agent_visual_review,"Road-name panel is mostly missing/illegible, with damage to its support."
commons-1ce17d43d9,illegal_dumping,File:Illegal dumping on public lands in the Medford District.jpg,https://commons.wikimedia.org/wiki/File:Illegal_dumping_on_public_lands_in_the_Medford_District.jpg,pending_agent_review,included,agent_visual_review,Discarded broken electronic/appliance housings are dumped on public-land soil; BLM source explicitly describes illegal dumping.
commons-2409b4bbcb,broken_streetlight,"File:Lužiny, Archeologická, poškozená lampa.jpg","https://commons.wikimedia.org/wiki/File:Lu%C5%BEiny,_Archeologick%C3%A1,_po%C5%A1kozen%C3%A1_lampa.jpg",pending_agent_review,included,agent_visual_review,"Globe is displaced to one side of the mounting, exposing the socket hardware."
commons-289e64dab5,damaged_sign,"File:Damaged road sign, Backfarm - geograph.org.uk - 5310260.jpg","https://commons.wikimedia.org/wiki/File:Damaged_road_sign,_Backfarm_-_geograph.org.uk_-_5310260.jpg",pending_agent_review,included,agent_visual_review,"Detached road-name panel lies below its remaining post, with broken framing."
commons-2c27130017,pothole,File:Pothole.ogv,https://commons.wikimedia.org/wiki/File:Pothole.ogv,rejected_nonphotograph,not_acquired,acquisition_check_only,rejected_nonphotograph
commons-359e62bbe5,illegal_dumping,File:Suburban fly tipping site - geograph.org.uk - 4363398.jpg,https://commons.wikimedia.org/wiki/File:Suburban_fly_tipping_site_-_geograph.org.uk_-_4363398.jpg,pending_agent_review,included,agent_visual_review,Discarded mattress and bulky objects sit beside a road rather than a collection container; source identifies a fly-tipping site.
commons-3be4827e73,leaking_hydrant,File:Fire Hydrant with Defective Temporary Meter.jpg,https://commons.wikimedia.org/wiki/File:Fire_Hydrant_with_Defective_Temporary_Meter.jpg,pending_agent_review,excluded,agent_visual_review,Leak is visibly at a failed temporary meter attachment; source attributes failure to the meter rather than the hydrant. Boundary case excluded from the confident category subset.
commons-3e69e554ed,pothole,"File:Banbury's Bretch Hill Pothole, 2010.png","https://commons.wikimedia.org/wiki/File:Banbury%27s_Bretch_Hill_Pothole,_2010.png",pending_agent_review,included,agent_visual_review,Two visible surface cavities with exposed material on asphalt.
commons-3f4500ff89,pothole,"File:Road in Nairobi, Kenya with large pothole Aug 10, 2025 04-27-36 PM.jpeg","https://commons.wikimedia.org/wiki/File:Road_in_Nairobi,_Kenya_with_large_pothole_Aug_10,_2025_04-27-36_PM.jpeg",pending_agent_review,excluded,agent_visual_review,Vehicles and possibly readable plates; excluded for privacy and because ten safer pothole examples are available.
commons-442c6e0ae0,illegal_dumping,File:Fly tipping - geograph.org.uk - 978659.jpg,https://commons.wikimedia.org/wiki/File:Fly_tipping_-_geograph.org.uk_-_978659.jpg,pending_agent_review,excluded,agent_visual_review,"Source states rubbish was dumped across a track, but waste is hard to distinguish from vegetation at stored resolution. Excluded for weak visual evidence."
commons-47aa637b4d,damaged_sign,File:Broken Give Way sign on a corner near Shifnal - geograph.org.uk - 4760128.jpg,https://commons.wikimedia.org/wiki/File:Broken_Give_Way_sign_on_a_corner_near_Shifnal_-_geograph.org.uk_-_4760128.jpg,pending_agent_review,included,agent_visual_review,"Give Way signpost is broken short near the verge, leaving the sign unusually close to the ground; source identifies a broken Give Way sign."
commons-49dffe1dee,pothole,File:Potholes - at the junction of Philip Lane N15 and Mount Pleasant Road N17.jpg,https://commons.wikimedia.org/wiki/File:Potholes_-_at_the_junction_of_Philip_Lane_N15_and_Mount_Pleasant_Road_N17.jpg,pending_agent_review,excluded,agent_visual_review,Readable vehicle license plate. Excluded rather than uploading the original or blurring it.
commons-4be599b76a,broken_streetlight,File:Broken lantern - panoramio.jpg,https://commons.wikimedia.org/wiki/File:Broken_lantern_-_panoramio.jpg,pending_agent_review,included,agent_visual_review,Wall-mounted street lantern has visibly broken/missing glazing and damaged enclosure.
commons-4c4c4bc5e0,damaged_sign,File:Broken road sign - geograph.org.uk - 975071.jpg,https://commons.wikimedia.org/wiki/File:Broken_road_sign_-_geograph.org.uk_-_975071.jpg,pending_agent_review,included,agent_visual_review,Circular road sign has a fractured edge and missing portion.
commons-4d3d377417,broken_streetlight,File:Not our fault - geograph.org.uk - 7709393.jpg,https://commons.wikimedia.org/wiki/File:Not_our_fault_-_geograph.org.uk_-_7709393.jpg,pending_agent_review,excluded,agent_visual_review,Close-up pole notice with people in view; no visually established breakage and unnecessary privacy risk.
commons-5000667ac9,damaged_sign,File:Damaged road sign along Glenhordial Road - geograph.org.uk - 4298106.jpg,https://commons.wikimedia.org/wiki/File:Damaged_road_sign_along_Glenhordial_Road_-_geograph.org.uk_-_4298106.jpg,pending_agent_review,included,agent_visual_review,Road-name panel has a large broken-out section through its lettering.
commons-539d0891ae,leaking_hydrant,"File:Leak detection test for fire hydrant - Arlington, MA.jpg","https://commons.wikimedia.org/wiki/File:Leak_detection_test_for_fire_hydrant_-_Arlington,_MA.jpg",pending_agent_review,excluded,agent_visual_review,Covered hydrant in a leak-detection test; no visible unintended leak. Testing does not establish a defect.
commons-53a0d4c79e,pothole,File:Pothole in an asphalt pavement.jpg,https://commons.wikimedia.org/wiki/File:Pothole_in_an_asphalt_pavement.jpg,pending_agent_review,included,agent_visual_review,Distinct missing asphalt and exposed aggregate in road pavement.
commons-60953fe307,illegal_dumping,"File:Fly-tipped cream chargers, Dongola Road, Tottenham, London 1.jpg","https://commons.wikimedia.org/wiki/File:Fly-tipped_cream_chargers,_Dongola_Road,_Tottenham,_London_1.jpg",pending_agent_review,excluded,agent_visual_review,Scattered small cream chargers look like isolated litter; inadequate match to the intended dumping category despite the source's fly-tipping title.
commons-66abea548c,illegal_dumping,File:Illegal dumping near Swamp Creek in North Lynnwood.jpg,https://commons.wikimedia.org/wiki/File:Illegal_dumping_near_Swamp_Creek_in_North_Lynnwood.jpg,pending_agent_review,excluded,agent_visual_review,Small bag and scattered waste in wetland; caption gives location but no explicit unauthorized-disposal evidence beyond the title. Prefer more strongly supported dumping scenes.
commons-6dd7a6632f,broken_streetlight,"File:Sturmschäden Lessingstraße, Linz, 10.02.2020.jpg","https://commons.wikimedia.org/wiki/File:Sturmsch%C3%A4den_Lessingstra%C3%9Fe,_Linz,_10.02.2020.jpg",pending_agent_review,excluded,agent_visual_review,Storm cleanup includes people and vehicles; main source describes a fallen tree rather than proving a particular streetlight defect.
commons-6f486abb24,leaking_hydrant,"File:Broken fire hydrant leak high pressure water spout (2023, Vero Beach, Florida) 02.jpg","https://commons.wikimedia.org/wiki/File:Broken_fire_hydrant_leak_high_pressure_water_spout_(2023,_Vero_Beach,_Florida)_02.jpg",pending_agent_review,excluded,agent_visual_review,Alternate wide view of the same Vero Beach hydrant event as commons-d86039e488; possible vehicle plate exposure. Excluded as scene duplicate/privacy risk.
commons-77ffa6c635,leaking_hydrant,"File:Ice Flow, Minneapolis (33061360921).jpg","https://commons.wikimedia.org/wiki/File:Ice_Flow,_Minneapolis_(33061360921).jpg",pending_agent_review,excluded,agent_visual_review,"Frozen outflow is visible, but Ice Flow caption does not establish an unintended leak rather than prior intentional discharge. Ambiguous leak history excluded."
commons-7b78ffad33,illegal_dumping,"File:Fly tipping, Straiton - geograph.org.uk - 6379984.jpg","https://commons.wikimedia.org/wiki/File:Fly_tipping,_Straiton_-_geograph.org.uk_-_6379984.jpg",pending_agent_review,included,agent_visual_review,Large piles of branches and waste occupy an abandoned paved area; source identifies fly tipping.
commons-81da3dfe1b,broken_streetlight,"File:Chalupkova, rozbitá lampa 425096.jpg","https://commons.wikimedia.org/wiki/File:Chalupkova,_rozbit%C3%A1_lampa_425096.jpg",pending_agent_review,included,agent_visual_review,"Lamp lens/enclosure is fractured and open, with inner hardware exposed."
commons-84bcb35daa,broken_streetlight,File:Decapitated lamppost in Central Park 01.jpg,https://commons.wikimedia.org/wiki/File:Decapitated_lamppost_in_Central_Park_01.jpg,pending_agent_review,included,agent_visual_review,Lamp head is detached and hanging down below the top of the park lamppost.
commons-8d1b8b85b6,illegal_dumping,File:Fly tipping. - geograph.org.uk - 483029.jpg,https://commons.wikimedia.org/wiki/File:Fly_tipping._-_geograph.org.uk_-_483029.jpg,pending_agent_review,excluded,agent_visual_review,"Source mentions two old sofas, but the depicted waste is too small/unreadable at the stored resolution. Excluded for weak visual evidence."
commons-8d2d51e495,damaged_sign,"File:Damaged road sign, Ballynasaggart - geograph.org.uk - 5458608.jpg","https://commons.wikimedia.org/wiki/File:Damaged_road_sign,_Ballynasaggart_-_geograph.org.uk_-_5458608.jpg",pending_agent_review,excluded,agent_visual_review,Visibly detached sign; usable reserve excluded after the ten-sign target. Similar composition to other broken name signs adds limited inspection variety.
commons-8ecf201b0b,pothole,File:Pothole Big.jpg,https://commons.wikimedia.org/wiki/File:Pothole_Big.jpg,pending_agent_review,included,agent_visual_review,Large crater with broken asphalt edges and exposed road base.
commons-9019e613c0,pothole,"File:Pothole in Villeray, Montréal.jpg","https://commons.wikimedia.org/wiki/File:Pothole_in_Villeray,_Montr%C3%A9al.jpg",pending_agent_review,included,agent_visual_review,Water-filled cavity with visibly missing asphalt and broken edges.
commons-90c3521af4,damaged_sign,"File:Damaged road sign, Ballyglass Road - geograph.org.uk - 4830971.jpg","https://commons.wikimedia.org/wiki/File:Damaged_road_sign,_Ballyglass_Road_-_geograph.org.uk_-_4830971.jpg",pending_agent_review,excluded,agent_visual_review,"Source-labeled damaged road-name sign, but reserve excluded after ten clearer examples; visible lean alone is weaker evidence."
commons-91f5ab98d5,pothole,File:Nasty pothole in the middle of Virginia Avenue.jpg,https://commons.wikimedia.org/wiki/File:Nasty_pothole_in_the_middle_of_Virginia_Avenue.jpg,pending_agent_review,included,agent_visual_review,"Broken, sunken asphalt at the edge of a road utility cover; visible loss of road surface."
commons-9271f8fbbf,pothole,File:Pothole in limerock road gilchrist county florida.jpg,https://commons.wikimedia.org/wiki/File:Pothole_in_limerock_road_gilchrist_county_florida.jpg,pending_agent_review,included,agent_visual_review,Visible eroded depression in an unpaved road; source explicitly attributes the pothole to traffic and precipitation.
commons-951c65e3fc,illegal_dumping,File:Fly tipping - geograph.org.uk - 337058.jpg,https://commons.wikimedia.org/wiki/File:Fly_tipping_-_geograph.org.uk_-_337058.jpg,pending_agent_review,included,agent_visual_review,Large heap of manufacturing off-cuts obstructs a rural track; source explicitly says the material was dumped.
commons-95929b7145,broken_streetlight,"File:Damaged lamp post, Fira, Santorini, Greece (approx. GPS location) julesvernex2.jpg","https://commons.wikimedia.org/wiki/File:Damaged_lamp_post,_Fira,_Santorini,_Greece_(approx._GPS_location)_julesvernex2.jpg",pending_agent_review,included,agent_visual_review,"Decorative lamp has missing outer lamp enclosures, leaving inner bulbs exposed; damaged-lamp source caption supports this interpretation."
commons-968c403a58,pothole,File:Pothole on Huntington Creek Road.JPG,https://commons.wikimedia.org/wiki/File:Pothole_on_Huntington_Creek_Road.JPG,pending_agent_review,excluded,agent_visual_review,Shallow gravel-road depression has weak visual boundaries; excluded in favor of ten clearer road-defect examples.
commons-9763aaca53,broken_streetlight,"File:Umgestürzte Laterne vor dem Rathaus Düsseldorf, 13 März 2024 (1).JPG","https://commons.wikimedia.org/wiki/File:Umgest%C3%BCrzte_Laterne_vor_dem_Rathaus_D%C3%BCsseldorf,_13_M%C3%A4rz_2024_(1).JPG",pending_agent_review,included,agent_visual_review,"Streetlight post lies broken on the pavement, with its base detached."
commons-9b3234b849,damaged_sign,File:Damaged Road Sign at Ford - geograph.org.uk - 4621104.jpg,https://commons.wikimedia.org/wiki/File:Damaged_Road_Sign_at_Ford_-_geograph.org.uk_-_4621104.jpg,pending_agent_review,excluded,agent_visual_review,"Usable source-labeled reserve, but visual damage is less clear at the cached resolution; excluded after ten clearer signs were selected."
commons-9c8269abb2,broken_streetlight,File:Má Infraestrutura.jpg,https://commons.wikimedia.org/wiki/File:M%C3%A1_Infraestrutura.jpg,pending_agent_review,excluded,agent_visual_review,"Fallen fixture is a public telephone enclosure, not a streetlight. Category membership did not support the requested label."
commons-a121e846a0,pothole,File:A pothole in Dilova Street in Kyiv.jpg,https://commons.wikimedia.org/wiki/File:A_pothole_in_Dilova_Street_in_Kyiv.jpg,pending_agent_review,excluded,agent_visual_review,Large collapse is described as ground washed out under the road; pothole versus subsidence/sinkhole label is ambiguous. Kept out of the confident subset.
commons-a2beb6ada5,broken_streetlight,File:Poškozená lampa.jpg,https://commons.wikimedia.org/wiki/File:Po%C5%A1kozen%C3%A1_lampa.jpg,pending_agent_review,excluded,agent_visual_review,"Damaged luminaire is visible, but sufficiently similar to another Czech hardware close-up; usable reserve excluded after the ten-light target is reached."
commons-a39e024474,broken_streetlight,File:Tilting street light - 17 August 2026.jpg,https://commons.wikimedia.org/wiki/File:Tilting_street_light_-_17_August_2026.jpg,pending_agent_review,included,agent_visual_review,Streetlight pole leans strongly from vertical; source explicitly identifies tilting.
commons-a3ff7b5c1d,pothole,File:Potholes in Bengaluru road.jpg,https://commons.wikimedia.org/wiki/File:Potholes_in_Bengaluru_road.jpg,pending_agent_review,included,agent_visual_review,Visible circular missing asphalt and exposed aggregate near the curb.
commons-b1418840a5,broken_streetlight,File:Beschädigte Straßenlampe in Westerland.webp,https://commons.wikimedia.org/wiki/File:Besch%C3%A4digte_Stra%C3%9Fenlampe_in_Westerland.webp,pending_agent_review,included,agent_visual_review,Lamp's outer enclosure is missing and lies beside the pole; source caption states damage.
commons-bb9ea4bd37,illegal_dumping,File:Fly tipping near Chickenley - geograph.org.uk - 5247658.jpg,https://commons.wikimedia.org/wiki/File:Fly_tipping_near_Chickenley_-_geograph.org.uk_-_5247658.jpg,pending_agent_review,included,agent_visual_review,Bulky rubble and waste are strewn along a rural path verge; source identifies fly tipping.
commons-be90c97f20,damaged_sign,"File:Damaged road name sign, Rathmore Road, Torquay - geograph.org.uk - 5212636.jpg","https://commons.wikimedia.org/wiki/File:Damaged_road_name_sign,_Rathmore_Road,_Torquay_-_geograph.org.uk_-_5212636.jpg",pending_agent_review,included,agent_visual_review,Road-name lettering is chipped/worn and incomplete; source identifies damaged road-name sign.
commons-c9c92acf08,damaged_sign,"File:Damaged road sign, Beltany - geograph.org.uk - 5733571.jpg","https://commons.wikimedia.org/wiki/File:Damaged_road_sign,_Beltany_-_geograph.org.uk_-_5733571.jpg",pending_agent_review,excluded,agent_visual_review,Source-labeled damaged name sign; reserve excluded after the ten-sign target because damage is less clear at the cached resolution.
commons-c9de6a8517,broken_streetlight,File:Damaged light donostia.JPG,https://commons.wikimedia.org/wiki/File:Damaged_light_donostia.JPG,pending_agent_review,included,agent_visual_review,Lamp enclosure is detached from its mounting and hangs down beside the post.
commons-c9f45e0429,damaged_sign,File:At Manchester 2016 068.jpg,https://commons.wikimedia.org/wiki/File:At_Manchester_2016_068.jpg,pending_agent_review,included,agent_visual_review,Road warning sign has extensive peeling and illegibility; lower distance plate is partly obscured.
commons-d374fa7f87,illegal_dumping,"File:Fly tipping white goods in Parco Alto Milanese - Legnano (MI), Lombardy, Italy - 2021-09-18.jpg","https://commons.wikimedia.org/wiki/File:Fly_tipping_white_goods_in_Parco_Alto_Milanese_-_Legnano_(MI),_Lombardy,_Italy_-_2021-09-18.jpg",pending_agent_review,included,agent_visual_review,Discarded large appliance in vegetation; source explicitly describes illegally dumped white goods in an agricultural park.
commons-d4fecab954,broken_streetlight,"File:Castle Buildings, Kingston upon Hull Feb24 Streetlight.jpg","https://commons.wikimedia.org/wiki/File:Castle_Buildings,_Kingston_upon_Hull_Feb24_Streetlight.jpg",pending_agent_review,excluded,agent_visual_review,Source describes a disused fixture; photo does not reliably establish structural breakage or an electrical fault.
commons-d5575814f4,leaking_hydrant,File:Leaking hydrant on Washer Lane - geograph.org.uk - 2054711.jpg,https://commons.wikimedia.org/wiki/File:Leaking_hydrant_on_Washer_Lane_-_geograph.org.uk_-_2054711.jpg,pending_agent_review,included,agent_visual_review,Water flows across the road; the original source caption specifically identifies a leaking hydrant on Washer Lane.
commons-d6849d80e8,illegal_dumping,File:Fly Tipping - geograph.org.uk - 1025840.jpg,https://commons.wikimedia.org/wiki/File:Fly_Tipping_-_geograph.org.uk_-_1025840.jpg,pending_agent_review,included,agent_visual_review,Discarded appliance and other bulky objects lie in flooded ground; source identifies fly tipping at an abandoned gravel pit.
commons-d86039e488,leaking_hydrant,"File:Broken fire hydrant leak high-pressure water spout (2023, Vero Beach, Florida) 01.jpg","https://commons.wikimedia.org/wiki/File:Broken_fire_hydrant_leak_high-pressure_water_spout_(2023,_Vero_Beach,_Florida)_01.jpg",pending_agent_review,included,agent_visual_review,Hydrant emits a high water plume; source explicitly describes a broken-hydrant leak.
commons-dbe1344c9f,illegal_dumping,"File:Fly tipping near High Beech, Essex.jpg","https://commons.wikimedia.org/wiki/File:Fly_tipping_near_High_Beech,_Essex.jpg",pending_agent_review,included,agent_visual_review,Large pile of furniture and appliances dumped along a woodland path; source identifies fly tipping.
commons-dca2e40d63,illegal_dumping,"File:Fly-tipping construction waste in Parco Alto Milanese - Busto Arsizio, Lombardy, Italy.jpg","https://commons.wikimedia.org/wiki/File:Fly-tipping_construction_waste_in_Parco_Alto_Milanese_-_Busto_Arsizio,_Lombardy,_Italy.jpg",pending_agent_review,included,agent_visual_review,Large mound of rubble blocks a rural path; source explicitly identifies illegally dumped construction waste.
commons-ddf392a527,pothole,File:Pothole in Potomac after rain.jpg,https://commons.wikimedia.org/wiki/File:Pothole_in_Potomac_after_rain.jpg,pending_agent_review,included,agent_visual_review,Water-filled missing asphalt with broken surface edges.
commons-dfd2cf17b6,pothole,File:Pothole on local Road in County Monaghan.jpg,https://commons.wikimedia.org/wiki/File:Pothole_on_local_Road_in_County_Monaghan.jpg,pending_agent_review,included,agent_visual_review,Long eroded road-surface cavity exposes aggregate; source explicitly identifies a pothole.
commons-e5d995522b,broken_streetlight,"File:ESP Tenerife, Santiago del Teide, Puerto de Santiago, Carretera General 0001.jpg","https://commons.wikimedia.org/wiki/File:ESP_Tenerife,_Santiago_del_Teide,_Puerto_de_Santiago,_Carretera_General_0001.jpg",pending_agent_review,excluded,agent_visual_review,Many dismantled fixtures in an apparent organized storage/disposal area; not a clear in-service broken-streetlight report.
commons-e6dea1ae8d,damaged_sign,"File:Damaged road sign, Ballinamullan - geograph.org.uk - 4396145.jpg","https://commons.wikimedia.org/wiki/File:Damaged_road_sign,_Ballinamullan_-_geograph.org.uk_-_4396145.jpg",pending_agent_review,included,agent_visual_review,Broken road-name panel and framing lie in pieces against vegetation.
commons-e87e6072dc,leaking_hydrant,File:Monrovia Geyser 1 - Flickr - RBerteig.jpg,https://commons.wikimedia.org/wiki/File:Monrovia_Geyser_1_-_Flickr_-_RBerteig.jpg,pending_agent_review,excluded,agent_visual_review,"Source confirms a clipped hydrant and visible plume, but people are present with discernible faces; excluded for privacy preference."
commons-ed979df1ca,damaged_sign,"File:Damaged road sign, Altanaveragh - geograph.org.uk - 5041092.jpg","https://commons.wikimedia.org/wiki/File:Damaged_road_sign,_Altanaveragh_-_geograph.org.uk_-_5041092.jpg",pending_agent_review,excluded,agent_visual_review,Broken name-sign support is visible below another intact direction sign; excluded as a reserve after ten clearer single-sign examples.
commons-eddb29d0cf,broken_streetlight,File:A fallen street light pole.jpg,https://commons.wikimedia.org/wiki/File:A_fallen_street_light_pole.jpg,pending_agent_review,included,agent_visual_review,Whole streetlight pole lies fallen on a public paved surface; its lamp head is visible at the far end.
commons-f5eb1a435d,damaged_sign,File:Damaged road sign along Roscavey Road - geograph.org.uk - 4485587.jpg,https://commons.wikimedia.org/wiki/File:Damaged_road_sign_along_Roscavey_Road_-_geograph.org.uk_-_4485587.jpg,pending_agent_review,included,agent_visual_review,Detached road-name panel lies tilted at the base of its post.
commons-f7c02b7b69,broken_streetlight,File:Farola donostia 001.JPG,https://commons.wikimedia.org/wiki/File:Farola_donostia_001.JPG,pending_agent_review,excluded,agent_visual_review,"Fallen lamp is clearly damaged, but parked vehicle plate is readable. Excluded for privacy."
commons-fd36db22e9,leaking_hydrant,File:MLGW hydrant leaking Memphis TN.theora.ogv,https://commons.wikimedia.org/wiki/File:MLGW_hydrant_leaking_Memphis_TN.theora.ogv,rejected_nonphotograph,not_acquired,acquisition_check_only,rejected_nonphotograph
